{
  "controller/Details-dbg.controller.js": 1707723482379,
  "SharedBlocks/personal/BlockAdresses.js": 1707384774147,
  "SharedBlocks/personal/PersonalBlockPart2.js": 1707384774147,
  "SharedBlocks/personal/PersonalBlockPart1.js": 1707384774147,
  "SharedBlocks/personal/BlockPhoneNumber.js": 1707384774147,
  "SharedBlocks/personal/BlockMailing.js": 1707384774147,
  "manifest.json": 1708518615588,
  "SharedBlocks/goals/GoalsBlock.js": 1707384774147,
  "SharedBlocks/employment/BlockJobInfoPart3.js": 1707384774147,
  "SharedBlocks/employment/BlockJobInfoPart2.js": 1707384774147,
  "SharedBlocks/employment/BlockJobInfoPart1.js": 1707384774147,
  "SharedBlocks/employment/BlockEmpP.js": 1707384774147,
  "model/models.js": 1707383369622,
  "model/constants.js": 1707716356158,
  "controller/Home.controller.js": 1707462204544,
  "controller/Details.controller.js": 1707723482379,
  "controller/App.controller.js": 1707383369622,
  "Component.js": 1707383369618,
  "Component-preload.js": 1708518615950,
  "SharedBlocks/employment/BlockJobInfoPart3-dbg.js": 1707384774147,
  "SharedBlocks/personal/PersonalBlockPart1-dbg.js": 1707384774147,
  "SharedBlocks/personal/BlockPhoneNumber-dbg.js": 1707384774147,
  "SharedBlocks/personal/BlockMailing-dbg.js": 1707384774147,
  "SharedBlocks/personal/BlockAdresses-dbg.js": 1707384774147,
  "SharedBlocks/goals/GoalsBlock-dbg.js": 1707384774147,
  "SharedBlocks/personal/PersonalBlockPart2-dbg.js": 1707384774147,
  "SharedBlocks/employment/BlockJobInfoPart2-dbg.js": 1707384774147,
  "SharedBlocks/employment/BlockJobInfoPart1-dbg.js": 1707384774147,
  "SharedBlocks/employment/BlockEmpP-dbg.js": 1707384774147,
  "model/models-dbg.js": 1707383369622,
  "model/constants-dbg.js": 1707716356158,
  "controller/Home-dbg.controller.js": 1707462204544,
  "i18n/i18n.properties": 1707383387441,
  "controller/App-dbg.controller.js": 1707383369622,
  "Component-dbg.js": 1707383369618,
  "SharedBlocks/personal/PersonalBlockPart2.view.xml": 1707824739336,
  "SharedBlocks/personal/PersonalBlockPart1.view.xml": 1707824705313,
  "SharedBlocks/personal/BlockPhoneNumber.view.xml": 1707811955302,
  "SharedBlocks/personal/BlockMailing.view.xml": 1707811892226,
  "SharedBlocks/personal/BlockAdresses.view.xml": 1707811764892,
  "SharedBlocks/goals/GoalsBlock.view.xml": 1707487539565,
  "SharedBlocks/employment/BlockJobInfoPart3.view.xml": 1707812561481,
  "SharedBlocks/employment/BlockJobInfoPart2.view.xml": 1707812374731,
  "SharedBlocks/employment/BlockJobInfoPart1.view.xml": 1707825105819,
  "SharedBlocks/employment/BlockEmpP.view.xml": 1707812318556,
  "view/Home.view.xml": 1707819826323,
  "view/Details.view.xml": 1707811106986,
  "view/App.view.xml": 1707383369626,
  "css/style.css": 1707383369626,
  "index.html": 1707383369618
}